,problem,layers,optimizer,solutions,parameters
0,"{'type': 'maxcut', 'graph': {'directed': False, 'multigraph': False, 'graph': {}, 'nodes': [{'id': 0}, {'id': 1}, {'id': 2}, {'id': 3}, {'id': 4}], 'links': [{'weight': 8, 'source': 0, 'target': 1}, {'weight': 6, 'source': 0, 'target': 4}, {'weight': 5, 'source': 0, 'target': 3}, {'weight': 9, 'source': 1, 'target': 3}, {'weight': 7, 'source': 1, 'target': 4}, {'weight': 8, 'source': 1, 'target': 2}, {'weight': 8, 'source': 2, 'target': 3}]}, 'position': {0: [0.3672142513687965, -0.4465946144032937], 1: [0.00852396906498039, 0.008713448864084962], 2: [0.07769561426126564, 0.9782950471472086], 3: [-0.34055150152437835, 0.45958611839200036], 4: [-0.11288233317066346, -1.0]}, 'solution': ([0, 1, 0, 1, 0], 36.0)}",8,"{'optimizer': 'COBYLA', 'maxiter': 100, 'shots': 1024, 'parameter_strategy': 'RANDOM', 'x0': None, 'backend': <QAOA_Tester.Backend.NoisyEstimatorBackend object at 0x7f0a867d0ca0>}","[([1, 0, 0, 1, 0], -31.0), ([0, 1, 1, 1, 0], -20.0), ([0, 0, 1, 0, 1], -29.0), ([0, 1, 1, 0, 0], -32.0), ([0, 1, 0, 1, 0], -36.0), ([1, 1, 1, 1, 1], 0.0), ([1, 0, 1, 1, 0], -31.0), ([1, 0, 0, 1, 0], -31.0), ([1, 0, 0, 0, 1], -20.0), ([1, 0, 0, 1, 1], -32.0), ([0, 1, 1, 1, 0], -20.0), ([0, 1, 1, 1, 0], -20.0), ([1, 1, 0, 1, 0], -29.0), ([0, 1, 1, 0, 0], -32.0), ([0, 1, 0, 0, 0], -32.0), ([0, 0, 0, 1, 0], -22.0), ([0, 0, 0, 1, 0], -22.0), ([0, 1, 0, 0, 0], -32.0), ([1, 1, 0, 1, 1], -16.0), ([1, 1, 0, 1, 1], -16.0), ([0, 1, 0, 0, 1], -31.0), ([1, 0, 1, 0, 1], -36.0), ([1, 1, 1, 0, 1], -22.0), ([0, 1, 1, 1, 0], -20.0), ([1, 0, 0, 0, 1], -20.0), ([0, 0, 1, 0, 1], -29.0), ([0, 0, 0, 1, 1], -35.0), ([0, 0, 0, 1, 1], -35.0), ([1, 1, 0, 1, 0], -29.0), ([0, 0, 1, 1, 1], -35.0), ([0, 0, 1, 1, 1], -35.0), ([0, 1, 0, 0, 1], -31.0), ([1, 1, 1, 0, 1], -22.0), ([1, 1, 0, 1, 0], -29.0), ([1, 0, 1, 1, 1], -32.0), ([1, 0, 1, 0, 0], -35.0), ([1, 1, 1, 1, 0], -13.0), ([1, 0, 0, 0, 1], -20.0), ([0, 0, 0, 1, 1], -35.0), ([1, 0, 0, 0, 1], -20.0), ([1, 1, 1, 1, 0], -13.0), ([1, 0, 1, 0, 1], -36.0), ([0, 0, 0, 0, 0], 0.0), ([0, 1, 1, 1, 1], -19.0), ([1, 0, 0, 1, 0], -31.0), ([1, 1, 0, 1, 0], -29.0), ([1, 0, 1, 1, 1], -32.0), ([0, 0, 1, 0, 0], -16.0), ([0, 1, 0, 1, 1], -35.0), ([1, 1, 1, 0, 0], -35.0), ([0, 1, 0, 0, 0], -32.0), ([0, 1, 1, 0, 1], -31.0), ([0, 0, 1, 1, 0], -22.0), ([0, 0, 1, 1, 1], -35.0), ([1, 1, 0, 0, 0], -35.0), ([1, 1, 1, 1, 0], -13.0), ([1, 1, 1, 0, 0], -35.0), ([0, 0, 1, 1, 1], -35.0), ([0, 1, 0, 1, 0], -36.0), ([0, 1, 1, 0, 0], -32.0), ([1, 1, 1, 1, 1], 0.0), ([1, 1, 1, 0, 0], -35.0), ([0, 1, 1, 0, 0], -32.0), ([1, 0, 0, 1, 1], -32.0), ([1, 1, 1, 1, 1], 0.0), ([1, 0, 0, 0, 1], -20.0), ([1, 1, 0, 1, 0], -29.0), ([1, 0, 0, 1, 1], -32.0), ([0, 0, 1, 0, 1], -29.0), ([1, 0, 1, 1, 0], -31.0), ([1, 0, 1, 1, 1], -32.0), ([0, 1, 1, 1, 1], -19.0), ([1, 0, 1, 1, 0], -31.0), ([1, 0, 1, 0, 0], -35.0), ([1, 0, 0, 0, 1], -20.0), ([1, 1, 1, 1, 1], 0.0), ([0, 1, 0, 0, 0], -32.0), ([1, 0, 1, 0, 1], -36.0), ([1, 0, 0, 1, 1], -32.0), ([0, 1, 0, 0, 1], -31.0), ([0, 1, 0, 1, 0], -36.0), ([0, 1, 0, 1, 1], -35.0), ([0, 1, 0, 0, 0], -32.0), ([0, 1, 0, 0, 1], -31.0), ([1, 0, 1, 0, 0], -35.0), ([1, 1, 1, 1, 0], -13.0), ([1, 1, 0, 1, 0], -29.0), ([0, 1, 1, 1, 0], -20.0), ([0, 1, 1, 0, 1], -31.0), ([1, 1, 0, 1, 1], -16.0), ([1, 1, 1, 0, 0], -35.0), ([1, 1, 1, 1, 1], 0.0), ([0, 0, 1, 1, 1], -35.0), ([0, 1, 1, 0, 0], -32.0), ([1, 1, 0, 0, 0], -35.0), ([0, 1, 1, 0, 0], -32.0), ([1, 0, 0, 0, 0], -19.0), ([1, 0, 0, 0, 1], -20.0), ([0, 0, 0, 1, 0], -22.0), ([0, 0, 0, 1, 1], -35.0)]","[array([ 1.6738047 ,  4.61052464,  4.52393976,  1.43793784,  5.15210553,
        4.77746561,  2.32728033,  1.49285152,  3.72233657,  2.03937967,
        4.14077437,  5.86085443,  1.86479239, -0.12254198,  5.74866055,
        4.51269759]), array([5.43642503, 5.30680324, 3.76461229, 2.55291119, 1.92161407,
       0.52713597, 1.16774515, 7.74764926, 0.15639746, 0.25640891,
       3.01537729, 5.05124553, 0.06999922, 0.75232393, 1.59973563,
       1.50740605]), array([1.78123626, 2.857511  , 2.21684161, 2.67577008, 1.1790294 ,
       4.60115708, 2.22837094, 5.43752457, 1.59830371, 5.76894456,
       2.48122793, 3.41614979, 1.38055845, 1.83369274, 6.20122742,
       3.80151157]), array([6.00290361, 5.8896633 , 1.28321304, 1.9376316 , 5.80236729,
       6.1016529 , 1.00642843, 5.16714442, 1.61597587, 4.19501597,
       6.15181502, 4.41770266, 5.63325222, 3.09053831, 1.1715009 ,
       6.11154491]), array([4.7564022 , 6.63236745, 6.13627738, 2.50660372, 3.36030827,
       3.58312008, 0.67362198, 4.10636644, 2.83022049, 3.69487878,
       0.13976795, 1.31209188, 0.39755319, 5.98955097, 2.07414045,
       2.10822931]), array([ 2.34787419,  1.41494868,  4.56149341,  0.2177902 ,  2.0474236 ,
        0.39923315,  4.45086216,  7.871226  ,  0.02271309,  0.60136746,
        0.05170033,  5.76015233,  5.76032727,  2.43190511,  1.09538902,
       -1.35400781]), array([5.61062811, 5.90896615, 1.48772932, 0.16365754, 6.02843499,
       2.25395731, 5.79471668, 1.98334627, 3.72219949, 1.52710891,
       1.88676217, 4.99752759, 0.41832172, 1.85354814, 3.16291329,
       3.19959041]), array([0.49056201, 1.92587348, 0.54036349, 3.37368718, 4.33134656,
       4.6385574 , 5.07306686, 5.19505353, 0.51065424, 2.99286805,
       2.23237027, 1.73522416, 5.84623575, 6.13136667, 3.05747807,
       5.01878058]), array([4.06393634, 4.36442619, 3.11717922, 1.34180446, 3.43413676,
       5.49565689, 3.8089936 , 3.2737137 , 5.6175413 , 3.24009451,
       4.13147445, 2.83896031, 3.42562484, 6.25371835, 4.84610879,
       5.7551331 ]), array([5.79845488, 5.52467866, 1.06508094, 5.02253676, 1.72492564,
       0.24899617, 3.13330291, 0.65041144, 0.86710891, 3.66629268,
       0.04335156, 5.37998197, 1.31094658, 3.91641206, 0.46632246,
       5.04071944]), array([0.8767748 , 0.32901276, 0.58907236, 3.00140667, 1.36562917,
       4.78929553, 4.62677306, 2.52792989, 1.49365081, 5.88418456,
       4.78272426, 4.90780913, 0.56296644, 4.487268  , 5.74495385,
       0.66681502]), array([2.25084766, 3.913918  , 1.62313054, 2.78253375, 4.79169887,
       6.27665003, 4.59138651, 3.95994297, 3.65422456, 1.67272589,
       4.37930478, 1.36045259, 1.65678216, 4.09745559, 6.2559034 ,
       1.79979812]), array([3.29767184, 3.023872  , 4.59796412, 4.17026744, 5.37590746,
       1.71702078, 3.42129579, 2.57871843, 3.27862151, 2.13355002,
       1.7000848 , 3.97265835, 2.40056756, 0.90442628, 0.91734037,
       1.71041938]), array([5.9064705 , 4.42056836, 4.66327599, 2.35191563, 4.06169025,
       2.99891118, 4.11093011, 4.50964737, 2.4597349 , 2.44554938,
       0.15726419, 3.63074929, 2.49931761, 0.17165686, 0.50290259,
       3.9711632 ]), array([3.42028532, 4.24701375, 2.04337257, 5.24683282, 1.85179207,
       5.09302729, 2.51806704, 5.04249375, 5.4790954 , 2.50414114,
       1.17787745, 1.01272745, 0.29111898, 3.9792514 , 0.81857585,
       4.89354371]), array([1.26894573, 0.13430412, 3.50605489, 4.24977902, 3.55254011,
       1.36996613, 1.91478983, 0.9942878 , 0.05152506, 1.3236544 ,
       5.39856921, 2.03440196, 0.44016436, 1.73740231, 2.83327625,
       5.55611169]), array([0.92768382, 1.94718548, 0.71507893, 0.43399848, 2.19584998,
       5.24239703, 4.41325941, 0.80242933, 5.8922907 , 0.5320353 ,
       1.7150817 , 1.58982985, 1.50466367, 2.69491769, 2.33563536,
       0.91190835]), array([ 1.07364542,  5.43385973,  3.79160714,  3.62613705,  0.14309148,
        4.98241056,  4.52025328,  1.43817736,  4.91270855,  0.38813175,
        5.7957601 ,  6.1626708 , -0.01172532,  0.52998312,  5.14941286,
        7.72153154]), array([0.83445057, 4.01183488, 0.31192905, 5.90238506, 3.66995466,
       3.58881254, 4.21572733, 4.36666494, 5.11574557, 3.36097949,
       3.51740569, 1.19416148, 5.35007927, 2.33927308, 2.77323268,
       4.92629347]), array([0.36237008, 4.55095192, 5.96139273, 2.61134644, 5.5775234 ,
       6.20986794, 0.27477314, 0.45055134, 4.77986866, 0.96977097,
       3.86502821, 0.28925646, 4.74125286, 4.40463973, 0.36853626,
       0.20652466]), array([1.98680118, 1.89239284, 2.00499817, 3.68954208, 3.3803438 ,
       2.54394248, 4.8649427 , 4.72622853, 2.39670371, 4.94499456,
       2.83466938, 2.38808266, 2.2044525 , 2.0436867 , 5.13618184,
       1.99699277]), array([4.46298762, 1.80264877, 4.23281671, 5.9023519 , 1.96311605,
       2.71125051, 2.96171522, 4.81707005, 1.13040456, 4.72724265,
       2.1559457 , 0.04786588, 3.13007086, 4.25724266, 1.53937296,
       0.99892643]), array([4.22278802, 1.06561337, 5.09043224, 2.27921374, 2.15638669,
       4.77476357, 5.81035795, 6.25487472, 1.33263158, 3.12635631,
       2.31340939, 0.38958126, 5.42673977, 1.41339499, 1.00847957,
       5.28902877]), array([1.94461963, 0.86386336, 5.43174469, 2.19986472, 2.50541313,
       1.57190631, 2.92496716, 1.47724885, 4.50551855, 6.05872072,
       1.26352307, 1.69827259, 4.01154563, 2.367678  , 5.80384393,
       3.84232884]), array([2.57526349, 1.93696377, 5.60722427, 0.19670062, 4.39634792,
       4.72095076, 4.58464893, 1.71893363, 2.42003923, 4.25240142,
       1.17017269, 1.95498836, 3.90725162, 5.26557279, 5.1842683 ,
       5.45249072]), array([3.97848322, 5.30374374, 6.27748745, 5.25304687, 1.11976041,
       2.40710821, 2.56292062, 1.17284896, 4.84073335, 1.29453872,
       5.84683754, 4.33774796, 5.06128724, 3.84734963, 2.18997442,
       4.86861398]), array([1.08436287, 2.52678932, 5.31612126, 3.98761626, 0.24254691,
       2.05137067, 2.46608605, 2.801715  , 6.16846682, 0.45556792,
       2.95540599, 3.24122213, 1.93033656, 1.30923488, 6.02818701,
       2.19471289]), array([3.17349393, 5.29896788, 0.26810786, 3.09734826, 4.54890043,
       1.39559316, 1.91264798, 0.13153257, 2.82924616, 5.78980631,
       3.9165224 , 4.60744005, 0.01654277, 0.87361254, 1.48914683,
       0.67150075]), array([2.75122035, 3.44614399, 2.75596077, 3.30937356, 3.20310786,
       3.77278631, 2.23879771, 1.08039353, 5.9548821 , 1.01753738,
       5.63452378, 1.79683033, 0.18459846, 2.76352162, 2.91923112,
       1.64413697]), array([4.81985065, 0.87884424, 4.82189247, 1.54794398, 4.57678048,
       1.26071606, 0.5169576 , 2.38966961, 3.02073072, 0.17890872,
       1.04510563, 0.36235013, 5.47241122, 4.32508279, 5.54962669,
       2.93757316]), array([5.52925568, 4.7132321 , 3.53274593, 6.20953512, 3.80915331,
       6.24457076, 3.3397573 , 1.42757785, 2.29457606, 4.85986901,
       5.4831185 , 5.26781822, 1.36034233, 6.17050106, 2.89362083,
       3.60395359]), array([1.48102829, 5.49298823, 3.9086349 , 4.55944358, 0.96572871,
       5.63820448, 0.90132659, 3.28863734, 6.05738968, 4.79935185,
       4.11669877, 3.81098486, 2.69999496, 4.02566695, 0.8423345 ,
       0.30851751]), array([5.72374951, 1.62735623, 1.64647705, 0.09874459, 5.15861046,
       5.15076129, 2.97048797, 6.26300027, 2.81692987, 4.1096978 ,
       4.58569803, 2.96391633, 5.83808838, 1.91191411, 2.16018561,
       0.44894059]), array([2.23195187, 5.45340192, 3.74375178, 5.05968331, 4.94434649,
       5.8520056 , 3.91077639, 4.63386873, 6.03962119, 3.09237211,
       2.35205961, 5.16305514, 6.24562201, 5.03179054, 3.0646903 ,
       5.96577962]), array([1.00111527, 6.50691128, 3.4946768 , 4.70707793, 0.78037549,
       2.93096573, 6.100831  , 7.1628479 , 4.65978337, 0.78569349,
       0.75325202, 1.14916362, 0.86901675, 2.94211263, 6.20226793,
       6.20624274]), array([5.51198888, 0.72646252, 0.11117857, 4.89701589, 3.19315614,
       3.79901088, 2.30161937, 6.14657965, 3.99225756, 3.60066385,
       0.06954516, 4.86875104, 4.00791584, 4.58215453, 5.00942191,
       5.51682238]), array([ 2.32584405,  4.88459399,  5.74317914,  4.46395326,  2.37248753,
        0.87407998,  2.32038416, -0.24891804,  1.64263978,  5.67588138,
        3.29489618,  4.57531253,  0.16696994,  3.52317276,  0.80970508,
        0.69531539]), array([2.33092293, 4.91031264, 2.20519838, 4.52687241, 2.70366395,
       0.30446715, 0.104839  , 6.71304137, 3.78951056, 5.88920504,
       1.87691115, 1.46296974, 5.42693505, 3.80272132, 1.88736625,
       5.62209737]), array([3.978896  , 1.46207857, 4.15231649, 1.14511882, 1.28994952,
       4.74143228, 2.48113983, 7.11206835, 0.86230597, 0.80990882,
       6.24249518, 1.04279914, 1.99411967, 2.21291211, 5.26300897,
       2.01092122]), array([2.68608340e+00, 2.50006708e-03, 2.18684518e+00, 4.46024304e+00,
       2.98489254e+00, 2.75698377e-01, 1.69724967e+00, 2.48691203e+00,
       2.83943420e+00, 5.07639599e+00, 3.16120595e-02, 5.09679498e+00,
       3.30286023e+00, 1.17320609e+00, 2.71954919e+00, 5.26527339e+00]), array([0.95960515, 4.44899317, 0.99926088, 0.11334968, 0.55880824,
       5.76428695, 5.33900329, 3.43281286, 3.22959367, 5.14000925,
       5.46620703, 5.79537112, 4.72559934, 3.3595677 , 1.20243795,
       2.41001244]), array([4.54636599, 5.88234009, 6.22084206, 4.13367775, 1.30536124,
       5.01986564, 1.93579785, 1.48159205, 1.77466264, 5.11289374,
       4.79120789, 2.96421698, 0.47689199, 1.82644256, 4.82533036,
       1.75597512]), array([ 2.87019113,  4.98268729,  0.53555356,  3.50448587,  0.90508336,
       -0.0437006 ,  5.22939407,  1.35499141,  2.99593728,  2.012601  ,
        5.98881166,  3.10041553,  2.06309586,  4.34338241,  5.25728867,
        3.25494803]), array([2.84463099, 5.02673432, 2.24199077, 1.90071967, 4.64686545,
       0.3950457 , 2.9295286 , 4.75350895, 1.13238383, 5.38772343,
       4.87219505, 3.2896137 , 4.64517767, 3.50958001, 0.21823628,
       3.42929563]), array([4.59729394, 4.529164  , 3.90498956, 4.49713695, 2.30658558,
       3.461456  , 3.54262467, 3.45037072, 2.93711007, 1.94761677,
       1.31226287, 4.921092  , 3.79555751, 0.20198877, 4.71255141,
       0.21219484]), array([0.69637696, 5.16626037, 4.41436869, 5.24869506, 1.4917904 ,
       5.17920453, 3.13171349, 1.86707623, 2.29132398, 0.01783941,
       0.61654057, 5.39027525, 5.43604454, 1.61296289, 2.67308793,
       5.28324425]), array([0.6001393 , 1.54769534, 0.64957842, 2.61493806, 5.52392637,
       1.39071195, 4.24527402, 4.55977767, 2.5578556 , 3.3602748 ,
       2.61131502, 3.33675103, 1.12503565, 2.16414168, 1.40548041,
       4.46250297]), array([3.11173893, 3.12629962, 2.54920384, 1.87143901, 3.60848755,
       0.95365197, 3.41695338, 4.84781687, 1.0653359 , 1.70160595,
       5.05978674, 0.20285671, 0.27316507, 4.23352497, 5.77595022,
       3.22964774]), array([5.27431926, 2.70173559, 1.26459722, 3.93236551, 3.47873847,
       2.75355587, 4.78551018, 6.27793118, 1.76776717, 2.23702503,
       0.0097444 , 5.68168065, 0.31619308, 6.14790262, 3.45632687,
       3.21788587]), array([4.96191501, 2.94817644, 5.82675586, 1.15630484, 5.06804772,
       1.30366176, 5.0803654 , 0.06324692, 4.84943936, 4.50387427,
       6.08664114, 5.74493272, 2.22333581, 2.54168844, 3.02787867,
       1.58097782]), array([1.95710776, 4.45534436, 4.16819592, 4.96124474, 5.30670267,
       1.1875575 , 2.35020393, 2.52548468, 4.71462041, 1.50917719,
       2.11625355, 5.90350477, 1.65549026, 1.38829977, 2.16476375,
       1.98525143]), array([1.95312959, 4.51438835, 0.57911684, 1.79469086, 0.62553981,
       6.07283392, 3.1591305 , 3.23285932, 2.76025562, 1.88537853,
       0.45395288, 2.57661898, 5.32716152, 5.95779687, 1.02411391,
       0.57832399]), array([ 0.37623133,  1.03784675,  2.10847775,  6.25325785,  5.3730452 ,
        2.83767764,  5.85725192,  4.46073732,  0.08962553,  5.27686483,
        3.82938828,  5.47414662,  3.06347211,  4.12305929,  3.54318455,
       -0.0628214 ]), array([2.6527911 , 3.37923506, 5.94580681, 5.01394352, 3.97666429,
       3.9493661 , 0.53629959, 1.30460475, 3.25287693, 5.86895059,
       3.21895289, 2.62962604, 3.79513151, 4.61148682, 3.32081686,
       3.64398712]), array([3.3036615 , 0.06941067, 5.63462245, 5.503579  , 5.73804533,
       3.22901928, 2.40278455, 3.21509534, 5.80399878, 2.44051202,
       3.73040955, 2.05753053, 2.40318735, 3.61703435, 3.33059759,
       2.54314023]), array([3.25720841, 0.73918468, 4.40360023, 2.65059171, 5.66402058,
       6.14028956, 4.90594211, 4.35644036, 3.48680695, 0.56988998,
       5.03045943, 0.81954395, 0.49430566, 3.45313672, 3.86392299,
       4.24744257]), array([5.90182915, 0.05403659, 0.33284732, 4.07465484, 4.67372185,
       2.53390265, 1.69917956, 6.30683704, 2.16384623, 2.4674839 ,
       2.55662237, 0.42834319, 5.04765206, 3.48089833, 0.87325136,
       4.32307432]), array([4.25941275, 3.83619423, 2.68868305, 4.15538706, 1.73213751,
       5.62203639, 4.60332681, 1.090054  , 1.71412053, 5.53011839,
       2.98137569, 4.46002476, 1.89347732, 4.16402442, 4.90201091,
       4.08130281]), array([4.91831913, 1.3864727 , 0.9685819 , 4.047622  , 2.74789274,
       1.96452839, 4.76324461, 3.01248647, 0.47986221, 0.38420448,
       4.63532417, 0.75772855, 0.24610434, 3.35413297, 1.81112751,
       5.40678496]), array([5.12181495, 5.90890188, 4.11086878, 4.31528956, 0.14804993,
       3.60785845, 2.97076884, 5.31561182, 1.9563925 , 3.22360806,
       5.34405931, 1.1590803 , 0.95040317, 3.87063841, 3.75572086,
       5.80103631]), array([3.45787428, 0.86561069, 1.946994  , 4.53094864, 5.72098134,
       1.16351838, 1.29461497, 4.76389341, 1.0189806 , 4.7564722 ,
       0.27800024, 5.66532213, 0.78577176, 3.52108096, 5.61852404,
       6.06110036]), array([0.82869542, 2.33005221, 5.83012997, 3.84430085, 5.21484245,
       0.22344589, 5.92919384, 4.96273528, 2.90902189, 0.59461634,
       4.55131484, 5.26072321, 1.04817793, 5.45649793, 4.83811441,
       6.11474691]), array([2.57186031, 2.14578247, 4.02864636, 2.45908664, 3.36875991,
       1.51938613, 0.70044288, 3.3853509 , 3.94700165, 3.67565563,
       1.43873123, 2.04729256, 5.27519498, 2.44144555, 2.04803331,
       3.31427144]), array([4.90435924, 4.91763197, 3.52790744, 0.08198411, 0.15032277,
       5.65940166, 3.42183576, 3.59198776, 4.56997089, 3.77218467,
       5.79465913, 0.43141283, 1.05336869, 0.91707135, 5.50050816,
       0.61258658]), array([4.17404672, 5.1806503 , 1.02160032, 5.79868748, 3.73119427,
       1.29429901, 0.80514153, 6.33018937, 2.88090614, 1.49977832,
       4.59292349, 1.78349025, 1.92913222, 0.32881089, 5.04275527,
       1.29510292]), array([4.09879575, 1.77528353, 6.29437515, 5.44606891, 1.33275201,
       3.70470493, 4.89892319, 4.98065407, 5.83642075, 6.28167298,
       0.5875096 , 3.64598339, 2.29093382, 3.32313849, 4.45617601,
       3.56336584]), array([2.43566427, 5.32596915, 2.66005836, 4.0881611 , 3.82073581,
       2.18824372, 5.37096529, 4.44204224, 4.75216274, 3.46663455,
       4.40398919, 4.03024124, 1.33774226, 1.13235499, 3.87504912,
       3.54421588]), array([3.78475294, 1.71868441, 4.51634415, 3.95257009, 1.77797577,
       3.92310614, 3.09998668, 3.14837615, 2.39751768, 5.1964769 ,
       3.25269696, 4.24755167, 1.73760532, 0.52785526, 5.63802932,
       4.10369464]), array([0.31504289, 6.20097228, 3.87181822, 5.75791769, 4.30616393,
       4.39839539, 1.88837933, 3.2282676 , 4.32957717, 2.93832155,
       4.25611639, 4.59783471, 3.39676366, 1.73098222, 5.14232197,
       3.30388968]), array([1.05996668, 2.28767359, 0.85516907, 6.47105583, 4.77772665,
       3.35333877, 6.04772399, 8.39219194, 2.8550632 , 4.63371913,
       5.36633036, 2.64831311, 3.66021082, 3.02410607, 4.36537404,
       3.96820432]), array([4.41795332, 0.76221058, 2.41895676, 3.88880539, 4.51702705,
       1.89892304, 2.19795329, 1.48873829, 4.28446742, 6.00341255,
       2.64307917, 5.78782405, 5.11644659, 2.12007347, 0.90379993,
       1.03342228]), array([2.23820897, 3.19149648, 5.10039246, 4.41972765, 6.1283603 ,
       1.82220781, 1.20773956, 1.43509935, 3.7572426 , 1.24715697,
       1.98470751, 0.50009324, 1.62790748, 4.55260441, 2.92925327,
       3.16434982]), array([0.6015346 , 3.38409824, 0.27646375, 1.89645629, 5.50975577,
       5.7791114 , 0.93262329, 1.47362708, 2.64176835, 4.23513808,
       5.25301538, 5.8875629 , 2.34508965, 0.20910068, 1.55909724,
       4.33527978]), array([1.43573249, 4.32578052, 6.24850737, 5.16574116, 1.49092165,
       1.67822594, 0.5317452 , 4.27547339, 2.83620212, 4.60946401,
       4.82494335, 6.1303871 , 3.38674044, 6.1735325 , 0.95281079,
       0.07181383]), array([2.82585319, 1.86198175, 3.15687796, 5.45899572, 3.15357632,
       1.07050537, 3.71149179, 4.80809692, 6.20130415, 2.43626715,
       5.87268452, 5.5120379 , 3.34195255, 0.34049767, 4.44820935,
       4.91286818]), array([0.33671634, 0.04302659, 0.58820538, 3.76166631, 0.15498543,
       4.20289821, 3.65762441, 1.81475903, 1.60346655, 4.91188532,
       0.1789787 , 3.48307333, 2.82113972, 0.87307246, 3.79723338,
       1.6765908 ]), array([0.68717041, 4.47791657, 5.29314242, 5.31525277, 4.05284793,
       2.40636122, 5.92956413, 2.31296322, 6.26852299, 4.91462902,
       1.08121491, 5.12338368, 4.48615543, 1.12171386, 3.69230268,
       0.53380085]), array([3.29451113, 1.61999795, 0.55199862, 3.350546  , 4.6155615 ,
       2.65411776, 1.82324486, 0.87331581, 2.59963089, 1.11487802,
       5.17405773, 2.59529418, 3.4975811 , 3.75646721, 4.62385098,
       3.96289985]), array([5.27329683, 3.05061485, 6.06571988, 3.53422841, 6.61131131,
       3.77129522, 2.83284148, 8.12706766, 1.61002516, 1.58331198,
       2.45066595, 4.150539  , 5.52222497, 3.18049906, 5.20803886,
       4.35403383]), array([6.08938038, 6.41092812, 1.26156039, 2.35313636, 4.8413723 ,
       0.44445018, 3.0538864 , 4.01877619, 0.47989017, 4.3086323 ,
       5.74926823, 3.01568832, 3.34310554, 0.44522391, 5.94270537,
       5.70206132]), array([2.15331195, 5.35853138, 1.64152618, 0.45508223, 6.14752089,
       3.65508878, 0.20598481, 6.29450109, 4.45056266, 4.58620918,
       5.70420789, 2.86875866, 4.33856004, 5.75068804, 4.61626085,
       1.31710155]), array([4.99496898, 1.44927164, 2.80168184, 5.47372289, 5.38417765,
       0.32971003, 6.28172662, 2.12858966, 0.05879196, 1.55829141,
       1.93808569, 1.49036699, 3.03018252, 4.04782397, 0.88003523,
       5.6688689 ]), array([5.43573359, 1.40310587, 3.45779398, 5.48957753, 2.61515091,
       2.63352511, 0.93549411, 2.77039873, 0.96932914, 0.11228786,
       3.09096625, 2.78648994, 2.4285686 , 0.02230061, 4.24026954,
       0.89912065]), array([3.29355246, 5.88709193, 1.83989147, 1.61843226, 4.85441833,
       1.18280215, 5.9493505 , 2.7644977 , 4.31073538, 4.71693945,
       5.47054378, 5.64361712, 5.61930902, 2.13929791, 2.84248647,
       3.00757536]), array([2.43140781, 4.23175937, 4.98547465, 5.4469367 , 1.47942045,
       1.8238854 , 2.82259578, 1.27906814, 0.65915331, 4.40539947,
       2.91202282, 6.13545046, 2.42333653, 4.75181225, 4.07505845,
       3.58808227]), array([3.10242468, 5.12017111, 1.66534216, 0.84241225, 3.41923511,
       1.33576218, 4.41134095, 5.4702429 , 6.19862701, 6.0981397 ,
       4.74611718, 2.86750628, 4.53824347, 2.77137007, 4.85516463,
       2.68055177]), array([2.5696914 , 1.00417316, 4.9373936 , 6.15853192, 1.37404655,
       4.76755673, 2.8837255 , 1.36970627, 2.51754522, 2.97304022,
       0.72993291, 1.78793446, 5.52745783, 1.34884133, 4.72750767,
       6.8491612 ]), array([5.66526255, 5.8918371 , 1.21533933, 3.87094831, 4.38696483,
       3.26811436, 2.60959958, 4.88366476, 5.48763333, 3.96236548,
       5.98973986, 0.47705833, 1.75810727, 5.69000038, 2.70934442,
       5.8657044 ]), array([4.58211355, 3.36814307, 5.55159861, 4.55839395, 1.14537408,
       5.08853093, 2.73864168, 4.6094541 , 4.8783299 , 5.35800344,
       4.96275187, 2.8498677 , 3.05566305, 3.02627965, 4.01918922,
       1.78035941]), array([0.30354996, 2.71153161, 4.24221587, 1.5626989 , 5.20837508,
       2.3001    , 5.72497037, 6.50137791, 4.00414217, 3.33854879,
       4.89439416, 0.24906504, 0.23922952, 1.42326629, 1.21900388,
       4.46506872]), array([0.68988566, 1.6393129 , 1.2088661 , 1.63760517, 1.76175445,
       5.43569181, 1.28023706, 3.059873  , 2.33541381, 2.47415117,
       2.19981149, 5.42189895, 2.63996966, 3.86942195, 1.77835824,
       5.25028044]), array([2.54421117, 5.81162084, 4.90570993, 3.0784343 , 5.18026644,
       2.43495723, 5.98923507, 4.66950197, 0.28298992, 3.79314123,
       5.46444716, 1.33852865, 0.44861039, 2.00657628, 1.93207502,
       5.57290208]), array([1.85623194, 5.25881682, 4.24063413, 0.28760675, 4.02688245,
       5.57460884, 5.0715322 , 4.20680457, 5.84809222, 2.53252451,
       4.02134649, 0.88201209, 1.48706035, 2.60909372, 1.17055335,
       0.40175678]), array([1.30731161, 2.6378773 , 1.46057371, 2.1522777 , 4.12422584,
       1.77021488, 0.18890263, 2.77761142, 1.1122544 , 4.38429695,
       1.05507618, 5.42829039, 3.74324263, 4.92935779, 3.99086728,
       4.16518216]), array([5.26186863, 5.06162558, 6.35162933, 3.49229998, 0.96389911,
       5.52499579, 2.82431584, 7.91720003, 4.81583998, 6.27801959,
       2.35977291, 0.54593024, 5.72983335, 3.59672275, 2.84832445,
       5.73605045]), array([0.83896305, 2.20638054, 2.8080206 , 5.86146511, 6.15705546,
       1.99437096, 3.80555145, 5.08064988, 0.68093399, 2.66996962,
       4.47492183, 4.5459977 , 1.77535108, 3.14416104, 2.22463276,
       3.64420508]), array([3.14036745, 5.59934883, 5.94364464, 1.92554551, 5.19540383,
       0.76360382, 4.36469067, 5.863747  , 1.18602777, 0.16327004,
       1.58368736, 4.17345531, 3.30056019, 3.42887595, 0.38646443,
       4.45337003]), array([4.93310391, 0.46274338, 2.46834605, 1.98649228, 2.73325466,
       5.70182235, 3.74564525, 5.90451295, 5.66427438, 6.05010811,
       2.51132398, 5.40366369, 0.30564868, 2.36122395, 5.80482549,
       1.34669213]), array([ 5.0589936 ,  3.93833072,  4.52719544,  4.16272917,  6.07566132,
        0.22982801,  5.08496865,  0.61418187,  1.0255373 ,  1.9620318 ,
       -0.06292372,  1.05210614,  4.36430316,  3.35682183,  0.55219112,
        1.6216377 ]), array([4.81816283, 3.6973541 , 0.89317106, 3.40519612, 4.64165723,
       5.88592897, 2.52781674, 0.18053109, 5.54554696, 5.67227802,
       0.56747578, 3.28169188, 2.18057489, 0.03941779, 0.80743613,
       3.65781853])]"
